id,time,a05,a0120
1,3.707284688999607,0,0
2,5.430987048000134,0,0
3,2.6753586810000343,0,0
4,2.0556069300000672,0,0
5,3.291766725999878,0,0
